"","estimate","se"
"pm25_beta25",0.00568984182695426,0.00387827976452997
"pm25_beta50",0.0160365964357669,0.00340849675537363
"pm25_beta75",0.0305776909799887,0.00309806745250499
