"","estimate","se"
"pm25_beta25",0.00530608504449087,0.00672132833001939
"pm25_beta50",0.0155888115116969,0.00580648790093805
"pm25_beta75",0.0300399223561216,0.00515342641369564
