"","estimate","se"
"pm25_beta10",-0.0119182585610367,0.0160118258454675
"pm25_beta25",-0.00378320245614291,0.0140856988353275
"pm25_beta50",0.00671370787132056,0.0120087499617175
"pm25_beta75",0.0214658278610862,0.010357921901942
"pm25_beta90",0.0331197312858273,0.0105137936558364
