"","estimate","se"
"pm25_beta10",-0.00766067048222563,0.0149825895305138
"pm25_beta25",0.000994167722164013,0.0132125953032849
"pm25_beta50",0.0121617687022643,0.0113223804807485
"pm25_beta75",0.0278564621422219,0.00986585312262834
"pm25_beta90",0.0402549812538529,0.010065073468646
