"","estimate","se"
"pm25_beta10",-0.000905374393498387,0.0043146139371226
"pm25_beta25",0.0050469243034634,0.0038273479312197
"pm25_beta50",0.0127273563568698,0.00332967702790231
"pm25_beta75",0.0235212615814057,0.00300779880897696
"pm25_beta90",0.0320482481534928,0.00314415224709114
