"","estimate","se"
"pm25_beta10",-0.000905249523699136,0.0043132811958634
"pm25_beta25",0.00504701605731186,0.00382657517751175
"pm25_beta50",0.0127274053801997,0.00332957670874163
"pm25_beta75",0.0235212505522328,0.00300829326623255
"pm25_beta90",0.0320481896839473,0.0031445927536229
