"","estimate","se"
"pm25_beta10",-0.00766261471192961,0.0149826152561358
"pm25_beta25",0.000992421139962452,0.0132123129668507
"pm25_beta50",0.0121602771506468,0.0113216987474031
"pm25_beta75",0.02785532900481,0.0098647578737711
"pm25_beta90",0.0402541312570703,0.0100639643977506
