"","estimate","se"
"pm25_beta10",-0.0026629795766614,0.00759606794984919
"pm25_beta25",0.00530608504449087,0.00672132833001939
"pm25_beta50",0.0155888115116969,0.00580648790093805
"pm25_beta75",0.0300399223561216,0.00515342641369564
"pm25_beta90",0.0414560340931459,0.00531952927507465
