"","estimate","se"
"pm25_beta10",-0.0271103427427548,0.0173548539454135
"pm25_beta25",-0.016968473622284,0.0155284200885631
"pm25_beta50",-0.00388211142173184,0.013606668139596
"pm25_beta75",0.014509165572127,0.0121413006641035
"pm25_beta90",0.0290379360873333,0.0123062276396023
