"","estimate","se"
"pm25_beta10",-0.00232884430262409,0.00433933057510811
"pm25_beta25",0.00568984182695426,0.00387827976452997
"pm25_beta50",0.0160365964357669,0.00340849675537363
"pm25_beta75",0.0305776909799887,0.00309806745250499
"pm25_beta90",0.0420648881845907,0.00321065725425455
