"","estimate","se"
"pm25_beta25",-0.00213441464388636,0.0142991723319844
"pm25_beta50",0.0119494975747637,0.0125486557523323
"pm25_beta75",0.0317427087667525,0.0112725354290978
