"","estimate","se"
"pm25_beta25",-0.00378327962430153,0.0140807456119462
"pm25_beta50",0.00671363481700657,0.0120060980585203
"pm25_beta75",0.0214657605882762,0.0103575757202652
