"","estimate","se"
"pm25_beta25",0.000994167722164013,0.0132125953032849
"pm25_beta50",0.0121617687022643,0.0113223804807485
"pm25_beta75",0.0278564621422219,0.00986585312262834
