"","Model 0 RR","Model 0 95% CI (lowest bound)","Model 0 95% CI (highest bound)","Model 1 RR","Model 1 95% CI (lowest bound)","Model 1 95% CI (highest bound)"
"TOT_A",1.03882822041289,1.0204991988551,1.05748644657137,1.03043463427309,1.01224654604472,1.04894952683059
"CVD_A",1.06783721082231,1.0356230634791,1.10105341318499,1.0640348247819,1.03188525818006,1.09718604793856
"MI_A",1.16109276761354,1.08506546499033,1.24244707669918,1.11434821884885,1.04645821120714,1.18664265763577
"stroke_A",1.10512363552427,1.03766864134633,1.17696362897677,1.06894671466781,1.00659880903902,1.135156398496
