"","Model 0 RR","Model 0 95% CI (lowest bound)","Model 0 95% CI (highest bound)","Model 1 RR","Model 1 95% CI (lowest bound)","Model 1 95% CI (highest bound)"
"TOT_B",1.02468596582064,1.00666628285901,1.04302820748872,1.01702688279722,0.999182544921266,1.03518990157472
"CVD_B",1.04922000897347,1.01780207488774,1.08160776480212,1.04331229800326,1.01322740940008,1.07429047128653
"MI_B",1.15241403804039,1.07769242140295,1.232316464974,1.09556108437924,1.02751780722183,1.16811025674721
"stroke_B",1.08813381416487,1.02238924832104,1.15810607307676,1.04579093175347,0.986021787185808,1.10918306993929
